id,timestamp,amount,accountNumber,transactionType,score,reason
d2da8bf8-cbf3-49c9-a5f7-b9be9f3577c9,2025-01-19T00:31:20.741202,1950.29,ZKWC82037788925546,transfer,0.89,High transaction amount (>95th percentile)
b75ee95c-3ed2-43fa-b4b2-cf52f0791898,2025-01-19T00:32:05.397945,1950.29,ZKWC82037788925546,transfer,0.71,High transaction amount (>95th percentile)
4667b11c-dfe6-47e0-baee-cbb799fafb36,2025-02-08T19:45:08.701939,1202.82,RBOC54516808760385,withdrawal,0.78,Blacklisted merchant
f0b74114-d0fc-4d7e-ad8b-76a273c1ab9f,2025-02-08T19:46:44.902796,1202.82,RBOC54516808760385,withdrawal,0.77,Blacklisted merchant
01586360-edfd-48fe-bc33-db582f10e29f,2025-03-27T13:13:07.474068,1975.12,RBOC54516808760385,transfer,0.92,High transaction amount (>95th percentile)
3c5f2f9d-e57e-4e30-9b23-62177b2f0454,2025-03-27T13:16:39.463219,1975.12,RBOC54516808760385,transfer,0.9,High transaction amount (>95th percentile)
3c8015c0-e0a3-462c-8189-dff81459a131,2025-01-21T02:58:22.502153,1420.83,IXLY65060983584168,deposit,0.97,Foreign transaction from high-risk country
d7ef0da5-495d-46f7-9896-884f7ac00c00,2025-01-21T02:59:12.167500,1420.83,IXLY65060983584168,deposit,0.73,Foreign transaction from high-risk country
eb287753-6c4b-4da6-b9bb-6049b9cd0146,2025-02-12T03:05:32.016863,1878.2,QJCI38424981829922,payment,0.83,Foreign transaction from high-risk country
529fbf94-7454-48e3-a470-68be48daad3b,2025-04-07T02:52:43.465184,1753.4,QJCI38424981829922,withdrawal,0.71,Blacklisted merchant
2a8f08e6-cfe9-4b37-b57b-f4cbbb99e19a,2025-03-17T01:55:42.506377,52262.92,WKXL62588153714732,withdrawal,0.77,High transaction amount (>95th percentile)
d81257e5-e259-4a32-8bcc-f0405a632557,2025-03-17T23:48:35.843974,1961.73,YLFT91241904966319,deposit,0.85,High transaction amount (>95th percentile)
6ab06a62-31fe-41a3-a925-a9db734afaea,2025-03-01T22:14:07.664032,1999.21,ZKNT81693406088356,payment,0.71,High transaction amount (>95th percentile)
0a99d22a-b277-4dcb-8d5f-0f3733e7d3da,2025-03-01T22:16:35.561484,1999.21,ZKNT81693406088356,payment,0.76,High transaction amount (>95th percentile)
e00a0dd1-9b3b-4e7d-a1a4-5fd7e4bd47be,2025-03-12T10:46:32.741330,1443.65,PUOY03482477109324,payment,0.89,Foreign transaction from high-risk country
7c235724-98e3-4307-8064-2b7d05ad9ee1,2025-03-28T11:53:07.990335,27562.29,PUOY03482477109324,withdrawal,0.86,High transaction amount (>95th percentile)
c41c3b92-6fd6-41b2-a0c2-6dbfaaf20617,2025-01-10T04:28:35.088533,38.7,DOEZ78895798687277,withdrawal,0.77,Blacklisted merchant
bdb309ed-0f22-4474-b680-469bc0dbb2de,2025-01-24T21:06:09.092417,1975.12,HJDB36971179808932,transfer,0.88,High transaction amount (>95th percentile)
6c313327-2737-4bfd-9d7e-70b9364394a0,2025-01-16T05:46:23.120310,1454.47,MEFF92706537947383,withdrawal,0.94,Closing balance < ₹1000
4919fc62-3869-47c9-9a63-6509ab90a862,2025-01-21T03:09:00.942182,926.78,MEFF92706537947383,purchase,0.7,Closing balance < ₹1000
82a640d4-2eca-450a-99af-f6477e0582d7,2025-01-27T02:26:55.472131,1275.31,MEFF92706537947383,purchase,0.94,Closing balance < ₹1000
72f8baa0-f661-4798-ada2-2373df58940e,2025-01-29T08:57:59.200516,1888.72,MEFF92706537947383,withdrawal,0.91,Closing balance < ₹1000
68a3e85f-5105-45a9-9a2c-b3827fc9c527,2025-02-14T19:56:29.667560,746.88,MEFF92706537947383,transfer,0.8,Closing balance < ₹1000
ea85035b-2674-4177-95b7-c54f12342ba4,2025-03-07T01:28:42.096524,348.54,MEFF92706537947383,purchase,0.75,Closing balance < ₹1000
525bc56c-9a88-41f9-bdd1-0ab2e92f1212,2025-03-12T19:44:57.202578,86067.18,MEFF92706537947383,withdrawal,0.99,High transaction amount (>95th percentile)
4d46e7d7-296b-49bc-ad91-8d5b914b8356,2025-03-13T19:39:01.730765,1926.76,MEFF92706537947383,withdrawal,0.8,Closing balance < ₹1000
0f6df76d-f469-4900-8529-f2b1039da08f,2025-03-09T20:43:18.046552,1946.37,YILU86850142940196,payment,0.73,High transaction amount (>95th percentile)
086c172f-fb95-4655-a060-37c4f3563eac,2025-01-15T20:57:34.467421,319.44,JMTN32595327877470,purchase,0.73,Closing balance < ₹1000
6216d1d4-c9a5-40c5-89b8-6efb96360f0e,2025-01-15T20:58:11.322509,319.44,JMTN32595327877470,purchase,0.95,Closing balance < ₹1000
44d0b98a-d26c-40d1-988c-cc908737eae5,2025-01-30T14:45:33.640465,19805.52,JMTN32595327877470,withdrawal,0.88,Closing balance < ₹1000; High transaction amount (>95th percentile); Foreign transaction from high-risk country
4905d191-5575-49ff-a509-2e9326e5aee7,2025-01-30T14:46:47.024400,19805.52,JMTN32595327877470,withdrawal,0.94,Closing balance < ₹1000; High transaction amount (>95th percentile); Foreign transaction from high-risk country
3ae7d589-9ef6-4643-a225-890c9c4df7d9,2025-02-05T23:17:44.073821,696.12,JMTN32595327877470,payment,0.92,Closing balance < ₹1000
a3bb5430-4a1e-4a14-a60a-c645bd83ffbc,2025-02-05T23:19:13.206699,696.12,JMTN32595327877470,payment,0.86,Closing balance < ₹1000
fbb51b09-ef09-4d6f-9440-71637ea48725,2025-02-18T20:19:24.511595,1496.89,JMTN32595327877470,purchase,0.99,Closing balance < ₹1000
59938b58-81a0-4c3f-91ef-2f400ef4b15b,2025-02-18T20:21:25.064633,1496.89,JMTN32595327877470,purchase,0.81,Closing balance < ₹1000
2d82026f-cbb7-4f1c-9844-23b4146109dd,2025-03-29T14:29:37.422814,1040.6,JMTN32595327877470,withdrawal,0.87,Closing balance < ₹1000; Blacklisted merchant
f8dd24ba-f95f-4cce-b54e-bbbcd29f2908,2025-03-29T14:33:13.627652,1040.6,JMTN32595327877470,withdrawal,0.95,Closing balance < ₹1000; Blacklisted merchant
078f4806-8e42-4e59-8410-702399942530,2025-02-26T02:11:59.015214,84935.31,JPDD38267586926179,withdrawal,0.89,High transaction amount (>95th percentile)
1765a046-5421-4c16-95d3-c37268a64ab3,2025-03-18T19:13:56.904469,1817.07,JPDD38267586926179,transfer,0.96,Closing balance < ₹1000
c4f7b1ba-2123-45e1-ab4d-152ca49765e2,2025-02-09T02:13:02.548711,298.96,EZTA42284210205395,payment,0.87,Foreign transaction from high-risk country
d8550af5-9b77-4c74-bb4a-39f7729bff27,2025-03-07T17:37:43.482316,1212.99,FYVO72217043030548,transfer,0.91,Blacklisted merchant
8208a462-450a-471d-946e-c9776d2533c2,2025-01-24T20:06:55.669986,1950.29,FSNU71756551256746,transfer,0.71,High transaction amount (>95th percentile)
c0871343-80a9-49bb-b659-7ac299959077,2025-02-15T17:08:21.137062,1950.87,JJFW25831323705895,withdrawal,0.77,High transaction amount (>95th percentile)
06549025-6069-467f-9914-ca9e2ac15204,2025-02-27T13:42:53.665276,1997.18,JJFW25831323705895,purchase,0.79,High transaction amount (>95th percentile)
214e4f2a-c51f-4543-9468-945b62b208aa,2025-02-07T08:42:39.283304,1335.93,IXLY65060983584168,payment,0.72,Blacklisted merchant
5b71a37d-cc78-4c3e-bfcd-8a6b753b0983,2025-04-09T02:07:58.108811,540.58,CIOH79965075273545,purchase,0.77,Blacklisted merchant
ef91b843-8ffc-4813-9d03-fe53bb6c9b21,2025-02-11T09:36:06.775522,1962.76,IBWL37735158506431,transfer,0.73,High transaction amount (>95th percentile)
d7ed8376-8dd2-4a6a-860f-0f23843b13f8,2025-02-11T09:37:48.950160,1962.76,IBWL37735158506431,transfer,0.78,High transaction amount (>95th percentile)
ea990eee-54b7-4477-b1fb-392185405a5b,2025-01-23T15:05:57.054743,1949.22,JAWR24008427109477,payment,0.89,High transaction amount (>95th percentile)
c2d74217-8264-4da4-94dd-4642ba795457,2025-02-28T13:00:27.743965,906.85,JAWR24008427109477,purchase,0.81,Foreign transaction from high-risk country
38e3b7ff-bd28-4b0f-857e-e64b14b77202,2025-01-03T21:49:33.631556,1960.59,FBIP11671902294131,deposit,0.81,High transaction amount (>95th percentile)
a2a34247-5deb-4ab9-9447-6b02a6c49b26,2025-01-03T21:49:40.840898,1960.59,FBIP11671902294131,deposit,0.76,High transaction amount (>95th percentile)
cd2120b0-2bbb-4588-96f4-54f500a34168,2025-04-04T02:25:17.423181,50957.68,PLRD81412478261375,withdrawal,0.78,High transaction amount (>95th percentile)
9dbe2f22-b0e1-407e-942b-82bc8071a5ad,2025-04-04T02:29:07.194492,50957.68,PLRD81412478261375,withdrawal,0.98,High transaction amount (>95th percentile)
61ae5b93-3d58-47a3-a88c-ccaf7696cddb,2025-01-06T07:32:23.122499,500.27,YSMP05466889373467,withdrawal,0.89,Closing balance < ₹1000
90586c0b-4027-49c9-bf49-f03b5d4b08d0,2025-01-21T15:39:09.888932,67145.08,YSMP05466889373467,withdrawal,0.88,High transaction amount (>95th percentile)
0ec01f6c-b2ce-4235-ba6f-f82a641d484b,2025-02-25T07:06:40.580013,1362.19,YSMP05466889373467,purchase,0.75,Closing balance < ₹1000
408d588d-b8fd-47af-843f-607859acb440,2025-03-02T23:23:03.250958,130.89,YSMP05466889373467,transfer,0.92,Closing balance < ₹1000
e1b11621-643c-4393-970f-8eed9ef29bbb,2025-03-26T23:12:59.558691,1000.5,YSMP05466889373467,transfer,0.75,Closing balance < ₹1000
1543efce-f35a-43dc-9a41-2abe08fc6ba4,2025-03-16T10:15:31.427950,1956.08,RETC14678669125177,purchase,0.81,High transaction amount (>95th percentile); Foreign transaction from high-risk country
65800911-b97d-4819-8258-5d624d552742,2025-03-16T10:18:35.854218,1956.08,RETC14678669125177,purchase,1.0,High transaction amount (>95th percentile); Foreign transaction from high-risk country
adfd0a5b-66e6-4a2c-826e-6bce740a6fd0,2025-02-01T19:16:29.135231,505.12,BBEW57872982595269,purchase,0.89,Blacklisted merchant
0fb7b544-7c87-4bce-b750-a87f4997b8b4,2025-02-01T19:17:47.624737,505.12,BBEW57872982595269,purchase,0.87,Blacklisted merchant
572eaedf-8a37-4fea-8b33-eabca1f3ead8,2025-02-17T02:53:27.078415,66803.12,LHUC00330923271937,withdrawal,0.91,High transaction amount (>95th percentile)
fb40f676-cf1a-41fd-988a-ac0649891b56,2025-02-17T02:55:23.839765,66803.12,LHUC00330923271937,withdrawal,0.95,High transaction amount (>95th percentile)
ab13afcf-a241-49b4-ae61-3f8257252260,2025-03-19T02:36:24.612609,1961.65,LHUC00330923271937,transfer,0.93,High transaction amount (>95th percentile)
ec1f7f18-1a08-439a-8d64-4331d3fefa64,2025-03-19T02:39:35.682641,1961.65,LHUC00330923271937,transfer,0.77,High transaction amount (>95th percentile)
1ebfccf9-a073-48a5-b2c7-7d373192fb9c,2025-03-19T03:13:43.900870,97462.38,PWEY77901043289861,withdrawal,0.71,Closing balance < ₹1000; High transaction amount (>95th percentile)
bc36bcd2-f80b-47d8-97a0-40c6ba541eb0,2025-03-19T03:16:54.267495,97462.38,PWEY77901043289861,withdrawal,0.79,Closing balance < ₹1000; High transaction amount (>95th percentile)
7bbc9303-750e-40a4-8287-c3fdc79cd9e8,2025-01-20T12:35:22.807728,429.46,EIGF92127799799552,payment,0.78,Blacklisted merchant
f943288d-e18b-43a7-a04b-c7abc8bd43a0,2025-02-14T03:01:47.026025,1967.95,FBIM53755646417080,transfer,0.76,High transaction amount (>95th percentile)
5c68e748-c1ba-40fe-b849-d47b6e43d865,2025-02-05T15:43:36.258563,1892.39,VJHX16117240050455,payment,0.98,Blacklisted merchant
507e0b9d-fbd9-4578-969c-e27ccbd2acb6,2025-02-05T15:45:04.609980,1892.39,VJHX16117240050455,payment,0.96,Blacklisted merchant
8f966b09-ff0c-45e8-9648-0fc849f9d2e0,2025-02-02T20:48:17.530902,1994.34,JMRA44369957773872,purchase,0.79,High transaction amount (>95th percentile)
56364298-8ab6-4cb2-b1ff-6cec5804c509,2025-03-19T18:42:46.187711,1961.28,NXKT40139904902787,purchase,0.9,High transaction amount (>95th percentile)
098b1ab1-47ff-4123-ad7d-666ea2937233,2025-01-11T00:28:24.238750,1993.28,HVXV68516048175496,deposit,0.82,High transaction amount (>95th percentile)
b9af603d-be17-498f-b6f0-cb4fb8a1af10,2025-01-11T00:28:49.066962,1993.28,HVXV68516048175496,deposit,0.97,High transaction amount (>95th percentile)
6754fa2d-af2f-417c-862e-a97b62202ea5,2025-02-21T15:00:50.217875,46804.12,BUML40515319520585,withdrawal,0.84,High transaction amount (>95th percentile)
958214db-a449-492d-a8ee-e40c9a492616,2025-03-31T23:26:37.144757,55265.17,VSPQ40369003432445,purchase,0.78,High transaction amount (>95th percentile)
8a5ca497-20cf-4425-9789-29db320d7314,2025-03-10T18:28:51.469320,770.5,IBEX68117758917839,payment,0.77,Blacklisted merchant
1cff8d79-a30e-4ecc-9d78-10f2a7a23124,2025-03-10T18:31:41.876910,770.5,IBEX68117758917839,payment,0.87,Blacklisted merchant
8bceedb8-c44d-4b26-868b-4bd33cc7a321,2025-01-14T03:04:05.279615,1993.91,OCVG90053293183933,transfer,0.78,High transaction amount (>95th percentile)
3344e251-6838-48cf-a6f5-21cb92945fed,2025-02-18T17:31:00.983125,425.51,OCVG90053293183933,purchase,0.88,Closing balance < ₹1000
c57bbb70-ae8c-4e39-87f4-a04424941c0a,2025-03-09T00:59:55.551473,5413.61,OCVG90053293183933,withdrawal,0.97,Closing balance < ₹1000; High transaction amount (>95th percentile)
2b8119f1-e604-4932-936c-9a57f4c57fde,2025-04-11T08:43:29.856831,780.83,OCVG90053293183933,payment,0.82,Closing balance < ₹1000
97257334-51d4-4fed-936a-43a790eda63e,2025-01-01T19:31:47.129893,1987.87,JSKQ88794705516940,purchase,0.77,High transaction amount (>95th percentile)
7962530b-ad1b-46d3-b5b3-b82d502583c2,2025-01-01T19:31:49.146286,1987.87,JSKQ88794705516940,purchase,1.0,High transaction amount (>95th percentile)
674a5114-b30e-4307-ac2a-240c133acc85,2025-04-09T01:25:10.811225,1433.25,JSKQ88794705516940,withdrawal,0.85,Closing balance < ₹1000
e3c13484-eb44-4e07-9bff-f5af77c778c9,2025-04-09T01:29:12.819423,1433.25,JSKQ88794705516940,withdrawal,0.73,Closing balance < ₹1000
c3c102d9-5514-4ea6-b078-ad2061bf2341,2025-01-22T15:16:09.800523,6710.96,JYJW37575844198665,withdrawal,0.71,Closing balance < ₹1000; High transaction amount (>95th percentile)
536410d1-3ba4-45d6-89fc-5eeb44412d80,2025-01-22T15:17:03.413650,6710.96,JYJW37575844198665,withdrawal,0.73,Closing balance < ₹1000; High transaction amount (>95th percentile)
ae00621d-4797-4a32-9d6c-baa211a8f53d,2025-02-09T21:11:12.199361,828.25,JYJW37575844198665,transfer,0.89,Closing balance < ₹1000
eac0a1e7-45ca-46a1-b349-dd4dc02a253d,2025-02-09T21:12:50.629333,828.25,JYJW37575844198665,transfer,0.94,Closing balance < ₹1000
ecf6d4bb-996e-4060-aa4e-69d0ba232ce7,2025-02-11T14:24:22.341254,912.68,JYJW37575844198665,transfer,0.83,Closing balance < ₹1000
4e18f426-996c-43e4-897e-efbafaba54ea,2025-02-11T14:26:05.423930,912.68,JYJW37575844198665,transfer,0.72,Closing balance < ₹1000
b7590d7d-37c5-4273-88f6-82f63d8c4c68,2025-02-12T13:29:52.274809,70.23,JYJW37575844198665,withdrawal,0.81,Closing balance < ₹1000
6310be7b-00d5-44e9-97e7-07c5a30152c1,2025-02-12T13:31:37.741635,70.23,JYJW37575844198665,withdrawal,1.0,Closing balance < ₹1000
78c1c2c1-c32d-4fb1-80f8-d42c3dee9e6c,2025-02-28T22:43:03.680612,1363.98,JYJW37575844198665,purchase,0.86,Closing balance < ₹1000
02a19dcf-ef42-4488-8605-f4cf801cd367,2025-02-28T22:45:29.746296,1363.98,JYJW37575844198665,purchase,0.99,Closing balance < ₹1000
e86fda2e-cecd-4275-b75b-0e920102ec92,2025-03-04T05:45:15.487554,1762.32,JYJW37575844198665,withdrawal,0.96,Closing balance < ₹1000
4f6e723c-c479-46f7-88ac-046b02ff23bf,2025-03-04T05:47:49.713550,1762.32,JYJW37575844198665,withdrawal,0.7,Closing balance < ₹1000
56e3b92c-700c-481e-ac97-23a16b6f9fb6,2025-03-04T19:26:39.247434,339.74,JYJW37575844198665,withdrawal,0.92,Closing balance < ₹1000
c921e4c6-375b-45e6-b924-9441fb1436af,2025-03-04T19:29:14.886878,339.74,JYJW37575844198665,withdrawal,0.9,Closing balance < ₹1000
15acc3de-a498-48b6-870b-a6ec14670de2,2025-03-08T10:15:50.710238,1993.91,JYJW37575844198665,transfer,0.86,Closing balance < ₹1000; High transaction amount (>95th percentile)
d7625c0b-4410-4f3a-a6a5-2a4c92d7e289,2025-03-08T10:18:35.313591,1993.91,JYJW37575844198665,transfer,0.78,Closing balance < ₹1000; High transaction amount (>95th percentile)
3933400d-b703-42ee-98c6-615fbc3c341a,2025-03-23T22:02:30.850823,109.1,JYJW37575844198665,withdrawal,0.89,Closing balance < ₹1000
733b0d6a-cbf9-4727-a36e-0273bb03a350,2025-03-23T22:05:53.839206,109.1,JYJW37575844198665,withdrawal,0.73,Closing balance < ₹1000
5579bf00-85f8-4ca7-99bf-c748d9f5893c,2025-03-30T18:28:34.974806,603.01,JYJW37575844198665,deposit,0.83,Closing balance < ₹1000
c8e0570f-5290-4205-8502-04d74aecda92,2025-03-30T18:32:14.940594,603.01,JYJW37575844198665,deposit,0.84,Closing balance < ₹1000
f585545c-f5ed-48a7-a306-9ef6bdb5dbad,2025-04-03T11:47:55.891242,1713.9,JYJW37575844198665,purchase,0.99,Closing balance < ₹1000
9df88fcc-c911-47b9-888c-681ddda63dea,2025-04-03T11:51:44.158868,1713.9,JYJW37575844198665,purchase,0.96,Closing balance < ₹1000
7f591252-f25e-45af-a758-6eb4d60835ae,2025-04-09T01:16:06.356248,1590.72,JYJW37575844198665,payment,0.78,Closing balance < ₹1000
5b11ebc4-1056-4def-8b5c-316d0364bf7f,2025-04-09T01:20:09.324698,1590.72,JYJW37575844198665,payment,0.85,Closing balance < ₹1000
5bf7f298-3f05-47b6-8888-bdd852400a2c,2025-02-21T19:06:31.978081,53055.23,ETVZ70213556909275,payment,0.75,High transaction amount (>95th percentile)
eec45bca-61e7-4eff-a092-13eb007b2072,2025-02-21T19:08:40.325631,53055.23,ETVZ70213556909275,payment,0.97,High transaction amount (>95th percentile)
bfc795f1-51dd-4af9-b12a-5c57e9ea6209,2025-01-26T04:04:56.486190,1326.85,PLKR86753396360576,withdrawal,0.96,Blacklisted merchant
0f704d07-a608-4e58-bc36-04200b8df41f,2025-01-08T08:11:14.283512,1961.28,PXNF26838851606071,purchase,0.79,High transaction amount (>95th percentile)
8d3d5c05-27c3-422c-8dcd-0a0d43b58e97,2025-01-08T08:11:32.401305,1961.28,PXNF26838851606071,purchase,0.89,High transaction amount (>95th percentile)
9eb81e88-3ef7-4ba7-aa17-fd218b3f945d,2025-01-01T09:12:19.243972,1323.81,ETVZ70213556909275,purchase,0.88,Foreign transaction from high-risk country
a6aac1a8-b56e-4345-808d-c9d854aa26f8,2025-01-07T14:43:25.637389,1635.12,DSQG27315851493689,deposit,0.75,Closing balance < ₹1000
521ece41-6b73-497c-9357-0ca2fd4bcdd2,2025-01-07T15:44:37.611660,1004.08,DSQG27315851493689,purchase,0.93,Closing balance < ₹1000
25d9e7dc-e2df-4381-9d44-d9b0f885d49b,2025-01-10T02:25:02.866616,1471.07,DSQG27315851493689,withdrawal,0.86,Closing balance < ₹1000
c1159675-1a69-47b3-8c7e-57de50240b8e,2025-01-22T06:03:32.521626,65693.9,DSQG27315851493689,withdrawal,0.93,Closing balance < ₹1000; High transaction amount (>95th percentile)
1940e176-b218-4bed-a6b1-9c449c7071a7,2025-01-30T05:00:52.062910,926.18,DSQG27315851493689,withdrawal,0.86,Closing balance < ₹1000
c353cd75-e6dc-47cd-a110-b00bdb958321,2025-02-12T01:15:14.260613,865.49,DSQG27315851493689,purchase,0.7,Closing balance < ₹1000
c7abc349-9c55-4b91-a6a2-2890b33cc63b,2025-02-17T15:47:38.452175,1858.52,DSQG27315851493689,payment,0.8,Closing balance < ₹1000
805ea81d-b785-4195-9be9-930b62202a1b,2025-03-01T16:17:41.974093,1650.73,DSQG27315851493689,payment,0.71,Closing balance < ₹1000
d9596c75-2d16-458f-84c6-94d64f19dd54,2025-03-18T23:41:25.117792,1038.61,DSQG27315851493689,purchase,0.98,Closing balance < ₹1000
286a9d76-7883-44d3-9d50-d8c1f0841b24,2025-04-09T08:44:33.059535,980.75,DSQG27315851493689,deposit,0.96,Closing balance < ₹1000
1ef040a2-1b04-4876-9254-e5fe47be2a3b,2025-01-02T12:47:39.950249,1674.97,MEFF92706537947383,transfer,0.95,Closing balance < ₹1000
689e2ef5-9e49-4380-ad7b-ef70c27f5d56,2025-01-02T12:47:43.733915,1674.97,MEFF92706537947383,transfer,0.79,Closing balance < ₹1000
6dddd17b-70dc-4a75-9201-0cbf134064e3,2025-01-12T13:04:02.678698,84023.41,MEFF92706537947383,withdrawal,0.72,High transaction amount (>95th percentile)
c79e4607-84f3-446b-9f41-052c699ee355,2025-01-12T13:04:31.285141,84023.41,MEFF92706537947383,withdrawal,0.96,High transaction amount (>95th percentile)
968ef659-ee41-4d95-a606-ebaf0ee9b03f,2025-03-05T17:11:03.656474,1693.73,MEFF92706537947383,purchase,0.98,Closing balance < ₹1000
4af9270f-3f7b-4b7b-ab1b-f9e7782ada5f,2025-03-05T17:13:40.906433,1693.73,MEFF92706537947383,purchase,0.73,Closing balance < ₹1000
2c623716-14fc-40ee-91d3-7cb9237cd440,2025-03-31T22:39:03.632348,-2125.64,MEFF92706537947383,withdrawal,0.85,Closing balance < ₹1000
f6992a93-e758-4eaa-8d71-1c50a3c8ced9,2025-03-31T22:42:45.611983,-2125.64,MEFF92706537947383,withdrawal,0.72,Closing balance < ₹1000
a6dc5ca6-8697-45b0-9521-d203ad4c28b3,2025-01-16T17:07:08.864222,850.49,USGW67632016328708,withdrawal,0.93,Closing balance < ₹1000
ffeaa256-3a02-44e4-bf36-157935adeaaa,2025-02-05T18:02:43.399092,850.28,USGW67632016328708,purchase,0.93,Closing balance < ₹1000
3fd8e757-ea2e-4f83-b126-a8ceee8187fa,2025-03-17T00:08:32.978158,861.96,USGW67632016328708,payment,0.74,Closing balance < ₹1000
c39be2ea-f7e1-4e34-bf7e-884f75650cd9,2025-03-21T12:55:02.491247,78953.63,USGW67632016328708,withdrawal,0.84,Closing balance < ₹1000; High transaction amount (>95th percentile)
53b49c86-ddee-44c5-a787-741e30693890,2025-01-14T01:48:46.787321,1198.1,HJWJ71349361832421,payment,0.86,Closing balance < ₹1000
4d4a1cf4-3279-45d2-99be-dbd88c7d5252,2025-01-14T12:04:53.984899,575.43,HJWJ71349361832421,payment,0.78,Closing balance < ₹1000
4ad8c42c-fd6f-4b68-9ff2-846fed85362a,2025-01-17T22:51:18.335770,591.06,HJWJ71349361832421,payment,0.96,Closing balance < ₹1000
a5ff1634-c80c-4b7e-ae1e-19d63d036645,2025-02-17T15:31:47.162712,61197.44,HJWJ71349361832421,purchase,0.83,Closing balance < ₹1000; High transaction amount (>95th percentile)
9745f53d-9656-48a3-8ff0-c2317aa6f870,2025-02-18T00:32:51.637411,932.08,HJWJ71349361832421,transfer,0.76,Closing balance < ₹1000
d97ede0c-84fa-43ab-8946-2f3d06977fb0,2025-03-23T07:36:39.203092,1897.0,HJWJ71349361832421,payment,0.86,Closing balance < ₹1000
7e3632c5-84e0-4f2b-a3cc-1268d0e790d6,2025-03-24T03:38:35.422086,574.73,HJWJ71349361832421,payment,0.92,Closing balance < ₹1000
fd5abbf9-de3c-4bb1-8e0b-96d35fb9a30f,2025-04-09T22:25:15.290764,794.61,HJWJ71349361832421,purchase,0.76,Closing balance < ₹1000
55be8d67-6961-4b78-9a63-28741718cea8,2025-02-19T17:57:09.508290,1960.59,ITUS85698478961183,deposit,0.79,High transaction amount (>95th percentile)
e4666ed1-86d8-4277-b0fb-869551ab12f7,2025-01-01T22:27:57.476697,1967.79,MQCM45352181883552,payment,1.0,High transaction amount (>95th percentile)
7ba43cf0-cf3d-4e31-b5e5-283a0fa458eb,2025-01-01T22:27:59.796246,1967.79,MQCM45352181883552,payment,0.89,High transaction amount (>95th percentile)
56b8ec75-c70a-4c82-b54c-f0c8581b1d7f,2025-04-02T14:12:54.764770,1989.39,MQCM45352181883552,payment,0.83,High transaction amount (>95th percentile)
9aea77be-0bfa-47ef-8d32-fb088747492c,2025-04-02T14:16:40.812894,1989.39,MQCM45352181883552,payment,0.86,High transaction amount (>95th percentile)
cd06d092-15f4-485b-9cbe-495d0f2672d5,2025-01-15T21:05:26.478967,1957.09,BBEW57872982595269,purchase,0.74,High transaction amount (>95th percentile)
5a844c77-a829-4cf7-ab1e-ebf620ee27d4,2025-01-18T23:50:49.021297,1962.76,LHUG94210470952145,transfer,0.77,High transaction amount (>95th percentile)
7e1e5c38-8765-4aab-aedd-78c618cf1b5f,2025-01-16T16:58:50.534889,1282.38,CTTQ67980793597820,transfer,0.8,Closing balance < ₹1000
782e1055-9dda-4ab5-ae15-6e75e09ff4b1,2025-01-16T16:59:29.300784,1282.38,CTTQ67980793597820,transfer,0.88,Closing balance < ₹1000
07a11a88-7dd8-406a-9702-40eec3cec26b,2025-01-30T04:48:38.023416,67578.25,CTTQ67980793597820,transfer,0.77,High transaction amount (>95th percentile)
34075c7d-1244-46de-97b6-8fa091592d6b,2025-01-30T04:49:50.089568,67578.25,CTTQ67980793597820,transfer,0.77,High transaction amount (>95th percentile)
c35946de-6f97-4bb9-8f00-fbbaba82dc7e,2025-01-09T12:55:41.237854,1564.92,JSKQ88794705516940,deposit,0.72,Closing balance < ₹1000
bffee324-720d-44dc-9105-c4a6cd1bfd46,2025-01-09T15:40:09.759370,1718.08,JSKQ88794705516940,purchase,0.89,Closing balance < ₹1000; Foreign transaction from high-risk country
3133979e-2d42-494f-a4e1-0dc26a10c872,2025-01-12T12:46:30.205080,4007.32,JSKQ88794705516940,withdrawal,0.77,Closing balance < ₹1000; High transaction amount (>95th percentile)
02106e7e-96ae-4717-99b2-3c52a5d6a199,2025-02-06T07:32:42.749058,502.98,JSKQ88794705516940,withdrawal,0.97,Closing balance < ₹1000
fa670b22-4d61-47b4-b3b1-d7d9151fada2,2025-02-19T23:23:41.519007,582.22,JSKQ88794705516940,withdrawal,0.96,Closing balance < ₹1000
7f0659ea-6800-4e97-b21f-606a0124d381,2025-02-21T05:00:01.998533,1539.06,JSKQ88794705516940,purchase,0.72,Closing balance < ₹1000
a3a84454-c1cd-4949-8684-98db10721586,2025-02-23T02:35:00.422598,573.71,JSKQ88794705516940,purchase,0.77,Closing balance < ₹1000
62c4cc5a-39a8-43a0-a2b1-817c185503fc,2025-03-01T19:54:11.745971,1100.45,JSKQ88794705516940,payment,0.9,Closing balance < ₹1000
00963cdd-62ab-4e49-91ba-0edd1dbc9fe2,2025-03-11T13:01:58.360669,1735.04,JSKQ88794705516940,payment,0.76,Closing balance < ₹1000
e43f2930-4a85-4eb2-bd5c-ad0641b15b51,2025-03-12T04:04:54.962980,516.9,JSKQ88794705516940,deposit,0.74,Closing balance < ₹1000
f2865164-5924-412f-83c3-851104edde46,2025-03-19T18:33:07.557201,1667.56,JSKQ88794705516940,payment,0.98,Closing balance < ₹1000
28bf43e0-083e-4a0a-8f99-50b185459924,2025-03-27T19:55:31.062902,218.5,JSKQ88794705516940,transfer,0.87,Closing balance < ₹1000
9728b264-0a55-4147-87eb-27163eba88dc,2025-03-30T07:52:22.339796,1699.44,JSKQ88794705516940,transfer,0.84,Closing balance < ₹1000; Foreign transaction from high-risk country
a8b74bfc-65b9-41b0-9a65-35e56a974aa9,2025-04-03T12:36:50.234757,492.74,JSKQ88794705516940,purchase,0.94,Closing balance < ₹1000
13c0fa7b-ad1d-4c26-ac12-bcd9cd5afc02,2025-01-02T16:07:18.548347,1260.93,HUIY87347143455812,transfer,0.94,Closing balance < ₹1000
90aa94d6-5f78-4e9e-b52a-e288f173df8c,2025-02-04T09:27:59.049359,60099.99,HUIY87347143455812,withdrawal,0.76,Closing balance < ₹1000; High transaction amount (>95th percentile)
418b39d7-a98c-434c-ad6f-28e8c9720052,2025-03-12T00:03:30.752242,313.78,HUIY87347143455812,purchase,0.73,Closing balance < ₹1000
51165eb7-d4ce-4044-b171-99f0d1d01097,2025-01-04T19:08:02.817091,1030.22,DHMS59440640909743,withdrawal,0.83,Foreign transaction from high-risk country
50ab3d90-53a3-49e2-ae11-f14c7c185da2,2025-03-13T07:54:43.536764,1395.91,LDVH70985931746120,deposit,0.83,Blacklisted merchant
42261d0a-d17d-4abe-bdce-da093d070976,2025-03-13T07:57:39.577087,1395.91,LDVH70985931746120,deposit,0.84,Blacklisted merchant
e840b377-272f-429b-8fd7-e812bfac6c13,2025-04-09T23:49:52.685387,1323.81,LDVH70985931746120,purchase,0.92,Foreign transaction from high-risk country
bc6301b2-f7bb-4dc7-ab33-9ff919402bf6,2025-04-09T23:53:57.983392,1323.81,LDVH70985931746120,purchase,0.9,Foreign transaction from high-risk country
6f14b966-c3ab-4f66-98dc-b4c50fa3d0cd,2025-01-22T08:25:16.268431,88817.32,ZKNT81693406088356,deposit,1.0,High transaction amount (>95th percentile)
e8cf6fe9-1f74-49d6-9578-2e50df30ec40,2025-02-19T17:30:51.311351,1950.87,HQNS22219693792374,withdrawal,0.73,High transaction amount (>95th percentile)
8984af77-2418-4989-a23e-ae03e935b5dd,2025-02-19T17:32:54.538393,1950.87,HQNS22219693792374,withdrawal,0.82,High transaction amount (>95th percentile)
8dd11f70-f3cc-4219-94d4-ca1e724fe698,2025-03-16T10:55:36.833194,1972.34,JJFW25831323705895,purchase,0.8,High transaction amount (>95th percentile)
2277cc10-d7d8-4cc7-982d-cf996c3445e5,2025-03-16T10:58:41.328449,1972.34,JJFW25831323705895,purchase,0.96,High transaction amount (>95th percentile)
0ac1f021-153c-4444-9a2c-001b0f5fe006,2025-01-06T19:39:03.633143,1991.96,ACXQ36675254599102,deposit,0.77,High transaction amount (>95th percentile)
c6a72d64-99aa-49f2-8abc-c30e97f843fb,2025-01-06T19:39:18.051723,1991.96,ACXQ36675254599102,deposit,0.76,High transaction amount (>95th percentile)
ce0f4089-8668-4766-9f18-4f5dea069485,2025-01-12T21:10:59.933273,1954.77,XGKD82337498941343,payment,0.83,High transaction amount (>95th percentile)
a631d88a-9945-4592-9a8b-fff0d7151553,2025-02-07T20:28:05.716503,1120.39,XGKD82337498941343,withdrawal,0.83,Closing balance < ₹1000
505de92a-5ce4-4922-8c6c-96f9697f33c5,2025-03-10T22:27:09.638956,74143.76,XGKD82337498941343,withdrawal,0.78,High transaction amount (>95th percentile)
036c6cdb-91a7-4da4-bc2d-1b805b34a0c5,2025-03-13T20:39:35.670252,1718.13,XGKD82337498941343,withdrawal,0.77,Closing balance < ₹1000
826cb4ef-6333-49d5-9d0d-832cfc3c8cda,2025-01-12T17:13:23.217763,1945.26,FBIP11671902294131,purchase,0.98,High transaction amount (>95th percentile)
73d970c9-296f-4e7e-a3de-36bd827e3df5,2025-02-22T10:05:20.315776,717.49,FBIP11671902294131,withdrawal,0.83,Closing balance < ₹1000
c98c675d-59bd-4ef1-839b-fe021c1cf59e,2025-03-01T09:17:24.197404,1877.15,FBIP11671902294131,transfer,0.96,Closing balance < ₹1000
1fbba611-3f83-4778-a4bf-7891dca896e5,2025-02-02T13:51:14.373058,1442.03,TWIR08313678377701,transfer,0.87,Blacklisted merchant
f4a1ccb5-9af9-46bd-b7a6-9b193655e53f,2025-02-02T23:08:48.947943,613.86,TWIR08313678377701,withdrawal,0.72,Foreign transaction from high-risk country
8e862825-9689-448f-86c6-25053058ad57,2025-02-17T03:10:48.461440,1995.42,TWIR08313678377701,withdrawal,1.0,Closing balance < ₹1000; High transaction amount (>95th percentile)
e66b9199-d7f2-4830-a8fb-937837e4ceb9,2025-03-11T20:17:38.409343,1994.34,DSQG27315851493689,purchase,0.95,High transaction amount (>95th percentile)
c22c5a28-8b4e-4e60-ab66-cf02b73bedce,2025-03-11T20:20:31.482058,1994.34,DSQG27315851493689,purchase,0.99,High transaction amount (>95th percentile)
d7825a39-fe93-4e90-abc3-d17a49c5a8a1,2025-03-25T09:25:12.476602,1954.77,ZEJB41574733848421,payment,0.98,High transaction amount (>95th percentile)
f286c43b-d5bc-42b3-b7d7-ad067ad53227,2025-03-25T09:28:39.117689,1954.77,ZEJB41574733848421,payment,0.95,High transaction amount (>95th percentile)
4999e547-5d7d-4d5f-87d5-b59dd6f5dbce,2025-01-01T20:26:45.354244,62109.17,MWHJ95788568557444,withdrawal,0.75,Closing balance < ₹1000; High transaction amount (>95th percentile)
5a67ef4d-fee4-4c20-8bfd-43e7afcc371c,2025-01-02T20:19:27.590817,756.04,MWHJ95788568557444,withdrawal,0.85,Closing balance < ₹1000
1cdbdd9d-baef-4cf2-88cc-5322b96b1cd4,2025-01-10T01:40:04.743131,1760.87,MWHJ95788568557444,payment,0.76,Closing balance < ₹1000
f52348b7-4785-4a00-9e8a-c25b2ed5103a,2025-02-16T18:27:25.165927,217.41,MWHJ95788568557444,payment,0.82,Closing balance < ₹1000
760dc2e4-80a0-4bae-98cd-f1e60a5e0001,2025-03-25T15:23:17.211345,1127.55,MWHJ95788568557444,purchase,0.72,Closing balance < ₹1000
18ce0b22-7129-43fe-93d1-aa3cceb73d61,2025-03-01T01:46:09.863803,56119.93,FGEZ85884247451712,payment,0.81,High transaction amount (>95th percentile)
409c952c-b0d7-4a8d-a396-3002baeeac58,2025-03-19T03:43:08.010872,1982.02,FGEZ85884247451712,deposit,1.0,High transaction amount (>95th percentile)
00619d83-f7fc-4c8e-804f-7a2964669383,2025-02-23T03:23:37.078357,5303.5,JQVU95134332003791,withdrawal,0.78,Closing balance < ₹1000; High transaction amount (>95th percentile)
f354d770-ebbe-4e29-b605-fcd38bb20eb5,2025-02-23T03:25:48.230365,5303.5,JQVU95134332003791,withdrawal,0.94,Closing balance < ₹1000; High transaction amount (>95th percentile)
2ca31649-492b-48c8-8f81-ef6dde6dd2b0,2025-01-31T04:30:05.298309,1972.34,IBEX68117758917839,purchase,0.84,High transaction amount (>95th percentile)
ffc4c881-2485-4422-a865-a951f2773b5c,2025-03-30T09:23:06.192756,1992.3,YILU86850142940196,withdrawal,0.83,High transaction amount (>95th percentile)
9b8d88f6-5269-4dbf-92e7-bfdaef27de07,2025-03-30T09:26:44.340237,1992.3,YILU86850142940196,withdrawal,0.99,High transaction amount (>95th percentile)
388ed268-7749-49f5-ab98-31fb1228a742,2025-01-31T07:26:16.535636,1326.85,POUJ49058147700541,withdrawal,1.0,Blacklisted merchant
f2b5100d-87d6-4c27-897e-330baa88f737,2025-01-31T07:27:31.641588,1326.85,POUJ49058147700541,withdrawal,0.87,Blacklisted merchant
00df120d-04d9-4b96-a9ea-94ba4e8b94c0,2025-02-07T00:40:32.999192,1157.95,JFGK73322141888059,purchase,0.92,Closing balance < ₹1000
21e0b0a8-636b-48de-b363-c190baa62ce2,2025-02-08T08:34:59.766314,574.4,JFGK73322141888059,withdrawal,0.75,Closing balance < ₹1000
5030035f-0c09-4e92-9c33-63edf2dd5df0,2025-02-11T05:14:31.041042,71068.85,JFGK73322141888059,purchase,0.79,Closing balance < ₹1000; High transaction amount (>95th percentile)
70470338-e722-4d81-8ae2-cbd30495e0f8,2025-02-20T01:50:23.746316,1295.76,JFGK73322141888059,transfer,0.99,Closing balance < ₹1000
59625615-9cbf-43e5-92c9-28507e62dc9b,2025-02-28T19:44:20.672410,154.72,JFGK73322141888059,payment,0.87,Closing balance < ₹1000
94b5002c-258b-424d-af44-c236b6885b28,2025-03-14T16:16:41.029200,1296.51,JFGK73322141888059,transfer,0.86,Closing balance < ₹1000
7a53d2fc-9f8d-45ed-9bd6-a88e4f48d357,2025-03-29T15:37:12.620320,221.6,JFGK73322141888059,transfer,0.92,Closing balance < ₹1000
fc86bdd2-de28-43c1-ba8a-d937bce7fe8a,2025-03-30T22:24:13.280881,768.55,JFGK73322141888059,purchase,0.72,Closing balance < ₹1000
5861c035-0dc3-45c9-8329-bfe46a50c469,2025-04-01T18:03:10.925923,778.12,JFGK73322141888059,payment,0.88,Closing balance < ₹1000
2aa01fd0-bbb7-4885-8ab9-78aa4f5f5313,2025-04-02T14:24:03.163060,1211.99,JFGK73322141888059,withdrawal,0.85,Closing balance < ₹1000
52498b70-0be1-47e0-ad27-7741b5931702,2025-04-03T12:43:05.455768,245.87,JFGK73322141888059,deposit,0.96,Closing balance < ₹1000
01262e90-00fd-4b08-be35-75a0f94e3683,2025-03-04T23:12:30.903387,1995.42,RITV91216558523986,withdrawal,0.75,High transaction amount (>95th percentile)
4c9e07a7-3f35-46c7-940e-420c5d1a4e0f,2025-03-04T23:15:06.931489,1995.42,RITV91216558523986,withdrawal,0.99,High transaction amount (>95th percentile)
8c1d6805-6762-465f-9c74-1b920f681937,2025-03-15T20:17:12.886589,60206.11,RITV91216558523986,payment,0.72,High transaction amount (>95th percentile)
dcec8d1f-5e82-41c6-9224-979e0312ba18,2025-03-15T20:20:15.870306,60206.11,RITV91216558523986,payment,0.76,High transaction amount (>95th percentile)
d12e187c-54ea-4d01-94d1-b08607ef803d,2025-02-10T10:01:06.691417,1953.13,UHDW49190586518506,deposit,0.88,High transaction amount (>95th percentile)
1070d628-98dd-41ff-bffa-c1b9303f7413,2025-03-01T16:24:26.446339,1982.02,HJWJ71349361832421,deposit,0.9,High transaction amount (>95th percentile)
97104bc0-807d-4b78-83ef-0106f3527425,2025-03-01T16:26:54.338431,1982.02,HJWJ71349361832421,deposit,0.77,High transaction amount (>95th percentile)
948b1609-03e0-48c0-8b34-4fb1efa0c847,2025-03-14T15:38:16.121129,447.43,TWIR08313678377701,withdrawal,0.74,Foreign transaction from high-risk country
5b781978-0425-4d24-a3a3-8c6700adee7c,2025-03-14T15:41:15.423889,447.43,TWIR08313678377701,withdrawal,0.97,Foreign transaction from high-risk country
4b4738e5-0a3d-4969-9410-e9e8036abcd0,2025-01-08T16:34:20.999769,1877.15,JFGK73322141888059,transfer,0.77,Closing balance < ₹1000
fb038a8f-5e30-4bd5-bf2b-a411ce5b1936,2025-01-08T16:34:39.979834,1877.15,JFGK73322141888059,transfer,0.88,Closing balance < ₹1000
06fb7b53-0889-48a4-ad12-f3a083d0f075,2025-01-10T17:28:45.834781,800.47,JFGK73322141888059,deposit,0.89,Closing balance < ₹1000
4641c0c8-cb52-4291-b46e-4fd4215a7ff5,2025-01-10T17:29:09.940883,800.47,JFGK73322141888059,deposit,0.83,Closing balance < ₹1000
9e52debd-5624-47e3-9dc3-5f0d40b11a66,2025-01-12T11:08:32.884135,1523.65,JFGK73322141888059,withdrawal,0.88,Closing balance < ₹1000
64e7f9b5-0d1d-4870-8c21-0ffed836a29e,2025-01-12T11:09:01.291833,1523.65,JFGK73322141888059,withdrawal,0.86,Closing balance < ₹1000
bbcef45c-f8b2-4a82-8be5-e19a32a3f549,2025-01-16T08:22:59.307182,180.0,JFGK73322141888059,purchase,0.98,Closing balance < ₹1000
7618b36d-54a4-40af-afe3-9f3a5b4d164e,2025-01-16T08:23:37.341722,180.0,JFGK73322141888059,purchase,0.76,Closing balance < ₹1000
bc993c21-cef9-4225-a746-d49a1920c6d0,2025-02-05T03:05:23.168110,1807.29,JFGK73322141888059,purchase,0.91,Closing balance < ₹1000
e3e55fa1-a7f2-4a76-a84c-00fee245767c,2025-02-05T03:06:50.214795,1807.29,JFGK73322141888059,purchase,0.77,Closing balance < ₹1000
43f85ab3-9bf3-43d7-8e09-1a21ace97659,2025-02-14T12:16:59.235834,1226.53,JFGK73322141888059,deposit,0.82,Closing balance < ₹1000
0ba768d7-6775-4d85-89c6-99cd35e9b634,2025-02-14T12:18:49.533108,1226.53,JFGK73322141888059,deposit,0.9,Closing balance < ₹1000
554ff384-5cde-4592-9753-47857eb4a47a,2025-02-15T00:40:24.631943,162.64,JFGK73322141888059,deposit,0.79,Closing balance < ₹1000
0d13c1e8-28aa-47ad-91af-f62b6fcb8d4c,2025-02-15T00:42:16.208491,162.64,JFGK73322141888059,deposit,0.79,Closing balance < ₹1000
8f2c9e3a-9583-48d3-a7e9-4ecd816f9375,2025-02-16T15:24:28.871124,1915.0,JFGK73322141888059,withdrawal,0.93,Closing balance < ₹1000
201feae8-0ed2-4eb4-b462-d5fa860e2be0,2025-02-16T15:26:23.982730,1915.0,JFGK73322141888059,withdrawal,0.72,Closing balance < ₹1000
1b777230-ae5a-42c0-9632-82ab6a26e015,2025-02-21T04:32:57.983786,1520.19,JFGK73322141888059,deposit,0.84,Closing balance < ₹1000
0bf88123-a810-4522-ad5c-5a92e91b93eb,2025-02-21T04:35:04.318685,1520.19,JFGK73322141888059,deposit,1.0,Closing balance < ₹1000
3561ad92-8f16-4ac3-8199-81489441d8ab,2025-03-07T00:54:18.741977,1080.88,JFGK73322141888059,payment,1.0,Closing balance < ₹1000
71c2dd70-ea20-4214-a72d-007f380778c8,2025-03-07T00:56:59.253874,1080.88,JFGK73322141888059,payment,0.72,Closing balance < ₹1000
b360403d-0596-487a-9d46-5e936460b899,2025-03-21T05:52:53.790741,1139.42,JFGK73322141888059,withdrawal,0.76,Closing balance < ₹1000
3e3a6e80-5588-489d-b509-a0bd4df0a996,2025-03-21T05:56:10.154752,1139.42,JFGK73322141888059,withdrawal,0.78,Closing balance < ₹1000
115a4d0e-f50a-4e5e-b25a-c20f93bd185e,2025-03-28T20:16:44.681393,1696.54,JFGK73322141888059,purchase,0.98,Closing balance < ₹1000
116c6907-3dcb-4d80-9257-8f60401efb64,2025-03-28T20:20:19.877438,1696.54,JFGK73322141888059,purchase,0.96,Closing balance < ₹1000
f13f5fdc-f2e5-42a2-bc01-ec3e80fd9a21,2025-04-10T04:03:06.192569,1125.49,JFGK73322141888059,Unusual Transaction,0.96,Closing balance < ₹1000
b031f975-7f60-4219-808b-b895c6c7ddc0,2025-04-10T04:07:11.926320,1125.49,JFGK73322141888059,Unusual Transaction,0.81,Closing balance < ₹1000
79e13161-1c3d-4e8b-b19e-a1b0a7fb349c,2025-02-08T08:14:42.915958,492.74,NXKT40139904902787,purchase,0.75,Closing balance < ₹1000
5f36a179-3d6a-417c-9fa5-81dfb5174488,2025-02-08T08:16:17.928733,492.74,NXKT40139904902787,purchase,0.95,Closing balance < ₹1000
a23f2fe4-10b8-4401-8c4c-c8dd45adf1d7,2025-03-18T18:33:21.236961,1366.69,NXKT40139904902787,purchase,0.91,Closing balance < ₹1000
a5bddcb9-5917-4419-b0c5-9856dcda3d08,2025-03-18T18:36:30.711724,1366.69,NXKT40139904902787,purchase,0.88,Closing balance < ₹1000
3137c83f-def2-4147-825d-d32e2fb29d14,2025-03-23T05:22:41.100363,375.55,NXKT40139904902787,deposit,1.0,Closing balance < ₹1000
bfc4ba00-25f9-4135-b8ad-91af06a937e9,2025-03-23T05:26:02.368253,375.55,NXKT40139904902787,deposit,0.9,Closing balance < ₹1000
c373d31a-6ede-4303-9472-9d7587550405,2025-03-24T14:40:10.909693,18.5,NXKT40139904902787,withdrawal,0.7,Closing balance < ₹1000
6517427e-fcb6-49f3-9735-9f0e83931be5,2025-03-24T14:43:35.614850,18.5,NXKT40139904902787,withdrawal,0.95,Closing balance < ₹1000
76720fe8-f0a3-4dfd-ab62-f657bc063004,2025-03-31T10:40:07.801695,96232.82,NXKT40139904902787,purchase,0.79,Closing balance < ₹1000; High transaction amount (>95th percentile)
c9d8adae-ec8e-4ca2-8d01-c29f6284ba0e,2025-03-31T10:43:49.439309,96232.82,NXKT40139904902787,purchase,0.9,Closing balance < ₹1000; High transaction amount (>95th percentile)
dfb808a5-7746-43d3-9af1-60560bc581b9,2025-04-10T08:21:09.783450,19732.79,NXKT40139904902787,withdrawal,0.98,High transaction amount (>95th percentile)
ce22f076-cf30-41f7-8b53-7ba866b4218c,2025-04-10T08:25:15.961267,19732.79,NXKT40139904902787,withdrawal,0.74,High transaction amount (>95th percentile)
2fee6368-1c38-4cbb-8c43-3d34aecec7e8,2025-01-30T21:19:02.584426,1989.28,XGKD82337498941343,deposit,0.73,High transaction amount (>95th percentile)
654dca76-86c9-483a-a7eb-8e36c60df6eb,2025-01-30T21:20:16.645460,1989.28,XGKD82337498941343,deposit,0.73,High transaction amount (>95th percentile)
81813e60-e9b3-4736-abb8-0e8d00ed870b,2025-02-12T02:43:15.529466,1983.72,XGKD82337498941343,purchase,0.87,High transaction amount (>95th percentile); Foreign transaction from high-risk country
8ad462e8-1322-477a-8ff6-a5a5930ff259,2025-02-12T02:44:59.883609,1983.72,XGKD82337498941343,purchase,0.78,High transaction amount (>95th percentile); Foreign transaction from high-risk country
bf4e056a-9763-4000-a0af-31e1e13fcd69,2025-01-05T23:41:49.274182,1282.87,JAWR24008427109477,purchase,0.88,Closing balance < ₹1000; Foreign transaction from high-risk country
1cc5524f-8415-4c12-a65d-fbac1b8ec95b,2025-01-05T23:42:01.632568,1282.87,JAWR24008427109477,purchase,0.92,Closing balance < ₹1000; Foreign transaction from high-risk country
011d7e33-8958-4479-a83d-bff3db613bc3,2025-01-10T02:20:14.247397,1760.87,JAWR24008427109477,payment,0.76,Closing balance < ₹1000
52c64982-5085-4b17-a88a-5e284acf1f11,2025-01-10T02:20:36.699582,1760.87,JAWR24008427109477,payment,0.89,Closing balance < ₹1000
f0f62843-857f-473e-a817-fd77db5e4381,2025-01-13T19:47:53.852824,1967.95,JAWR24008427109477,transfer,0.78,High transaction amount (>95th percentile)
1fa77a9f-b7ae-455c-a647-6267f313909b,2025-01-13T19:48:25.632146,1967.95,JAWR24008427109477,transfer,0.85,High transaction amount (>95th percentile)
8893337a-9a97-46d5-b979-913e8375e95f,2025-02-04T12:41:36.498351,590.68,JAWR24008427109477,withdrawal,0.97,Closing balance < ₹1000
b26191c9-2450-41a8-8533-b5c19d92b11e,2025-02-04T12:43:01.715032,590.68,JAWR24008427109477,withdrawal,0.95,Closing balance < ₹1000
88f69844-cea1-4134-b279-117030dfefce,2025-02-06T16:18:11.541800,680.4,JAWR24008427109477,payment,0.73,Closing balance < ₹1000
c452c0ad-7937-4d09-90d7-302d4bce7435,2025-02-06T16:19:42.430669,680.4,JAWR24008427109477,payment,0.83,Closing balance < ₹1000
295ace66-01af-4fa5-a827-733730293ba3,2025-02-07T12:02:15.199451,1315.19,JAWR24008427109477,transfer,0.78,Closing balance < ₹1000
c889b1b0-61af-4f52-a586-315eebb311bc,2025-02-07T12:03:48.125836,1315.19,JAWR24008427109477,transfer,0.7,Closing balance < ₹1000
a81af26c-4501-46dc-8499-6a335c7feb2a,2025-03-18T15:27:22.271803,901.94,JAWR24008427109477,withdrawal,0.93,Closing balance < ₹1000
fa850490-4bf1-475a-8c23-ef21c1879eed,2025-03-18T15:30:32.190562,901.94,JAWR24008427109477,withdrawal,0.89,Closing balance < ₹1000
9667b008-15cf-4822-bd58-6d30c73d34fc,2025-04-02T00:38:40.847991,11796.2,JAWR24008427109477,withdrawal,0.78,Closing balance < ₹1000; High transaction amount (>95th percentile)
e8523f62-5502-498f-aabb-03b8feebcfd6,2025-04-02T00:42:26.406506,11796.2,JAWR24008427109477,withdrawal,0.92,Closing balance < ₹1000; High transaction amount (>95th percentile)
ced904aa-bad9-4fbf-a838-6c575bd41b71,2025-04-08T03:04:28.208768,1530.15,JAWR24008427109477,payment,0.87,Closing balance < ₹1000
56d6d200-8a7f-4afa-9492-d390fe4059d1,2025-04-08T03:08:27.919155,1530.15,JAWR24008427109477,payment,0.83,Closing balance < ₹1000
a159b8f7-6636-4df7-ae1e-44230dc2401c,2025-01-20T17:25:07.594992,1997.18,NBMQ53615305152204,purchase,0.7,High transaction amount (>95th percentile)
ac6e77a3-3de7-49c5-8220-f1c0dbb274e8,2025-01-20T17:25:56.474170,1997.18,NBMQ53615305152204,purchase,0.72,High transaction amount (>95th percentile)
20d80f00-0947-42ab-8c16-87f00643f1ff,2025-01-28T15:44:15.356934,573.71,JPHZ64710276773592,purchase,0.96,Foreign transaction from high-risk country
3b5322c3-05d1-4b15-85e2-0c1c23861041,2025-01-28T15:45:23.610778,573.71,JPHZ64710276773592,purchase,0.97,Foreign transaction from high-risk country
04846ae2-bac6-40a5-96b9-af4a491f7308,2025-01-29T18:00:35.681274,237.77,URAT40244550229612,deposit,0.86,Foreign transaction from high-risk country
24ae6619-683e-4e22-8309-311bcbc1f1ae,2025-01-29T18:01:46.922887,237.77,URAT40244550229612,deposit,0.95,Foreign transaction from high-risk country
b91523ad-004d-43ef-982d-7ed98a90b36f,2025-02-23T10:12:37.632344,76815.97,TWNF75705964016582,transfer,0.87,High transaction amount (>95th percentile)
bb21d2a0-04fd-4592-980c-8e05ad887550,2025-01-08T22:47:35.529418,70636.52,XTKS00109439690784,transfer,0.74,High transaction amount (>95th percentile)
61d48d95-4144-4a02-917c-c79a85c422cb,2025-01-08T22:47:55.228288,70636.52,XTKS00109439690784,transfer,0.74,High transaction amount (>95th percentile)
bdf45264-b934-45d4-aaa5-b8321885fd9d,2025-01-16T23:04:16.755625,1088.44,JYJW37575844198665,deposit,0.79,Closing balance < ₹1000
f95929d3-54c3-4a27-91e9-634096e685f2,2025-03-08T02:04:20.407521,1674.97,JYJW37575844198665,transfer,0.97,Closing balance < ₹1000
e0614efe-63f3-4975-8ca8-ed0622fc1d5e,2025-03-08T21:08:18.301552,1774.91,JYJW37575844198665,deposit,0.94,Closing balance < ₹1000
fe1fb980-73fc-44e8-957c-ebaa67d2a68b,2025-03-12T01:45:40.768260,776.74,JYJW37575844198665,transfer,0.96,Closing balance < ₹1000
3b2e8b40-c53e-4845-9b9b-d9fe60d727ae,2025-03-12T08:56:02.820719,1132.97,JYJW37575844198665,purchase,0.97,Closing balance < ₹1000
b97a4c5c-1ad0-41d8-9ff6-0f567e01a8ba,2025-04-06T21:45:35.920823,90601.85,JYJW37575844198665,transfer,0.76,Closing balance < ₹1000; High transaction amount (>95th percentile)
e43e6d7f-c472-4d60-bc8d-130c24f8f9cb,2025-01-14T01:41:52.111402,458.89,FSNU71756551256746,payment,0.77,Blacklisted merchant
eb74f144-b957-4ada-9da2-07247eb23be6,2025-01-14T01:42:24.369755,458.89,FSNU71756551256746,payment,0.73,Blacklisted merchant
39c625d6-5b68-4b29-a256-40b5cf583e7e,2025-04-11T04:19:13.390384,52458.04,FSNU71756551256746,withdrawal,0.93,High transaction amount (>95th percentile)
922c9fa8-0e3d-4842-9702-c2d2f0a7ea04,2025-04-11T04:23:21.629807,52458.04,FSNU71756551256746,withdrawal,0.97,High transaction amount (>95th percentile)
fa26a003-141e-4547-8825-6a4b8d726207,2025-01-21T06:45:26.534742,1999.21,POUJ49058147700541,payment,0.82,High transaction amount (>95th percentile)
0e687a99-5d5a-4fd4-92ef-19b662b2f9ca,2025-02-10T00:58:30.713916,1952.53,LEYR92268018242253,transfer,0.89,High transaction amount (>95th percentile)
42d5037a-1e32-406c-886b-197c6ff332a6,2025-02-10T01:00:09.931945,1952.53,LEYR92268018242253,transfer,0.75,High transaction amount (>95th percentile)
6c30c19a-5f8d-4d0c-a7e0-78cd3a1312b2,2025-03-11T16:57:58.045181,1987.87,SNSM64160529751613,purchase,0.98,High transaction amount (>95th percentile)
791f024b-fef3-4019-b5e4-0ea8fb167347,2025-02-15T15:26:31.111562,1976.62,MQOH39500479748016,purchase,0.96,High transaction amount (>95th percentile)
4a624ace-f975-41ce-bb1c-3a1265840f50,2025-02-25T11:52:15.292031,1989.28,MQOH39500479748016,deposit,0.99,High transaction amount (>95th percentile)
005af4fa-1642-4c10-b968-8d08d9cc4472,2025-03-15T07:21:54.912897,1991.15,MQOH39500479748016,transfer,0.94,High transaction amount (>95th percentile)
7c31b71c-d319-48c2-bf44-eb51b43b8638,2025-03-03T21:00:41.476592,697.84,VJHX16117240050455,payment,0.96,Closing balance < ₹1000
91875b7e-f6b4-45db-8cda-f1925a206db5,2025-03-09T13:50:31.884340,1704.74,VJHX16117240050455,purchase,0.71,Closing balance < ₹1000
6ff32952-b5ba-460c-8420-4be952ce2213,2025-03-25T11:38:13.656905,15200.01,VJHX16117240050455,withdrawal,0.92,Closing balance < ₹1000; High transaction amount (>95th percentile)
e487dc6f-b41f-4f8a-a22b-aa490b3eebbd,2025-03-26T02:31:32.614296,1985.75,PLZQ41616928451154,withdrawal,0.8,High transaction amount (>95th percentile)
1df6f736-b3f0-4ae0-adab-c4f5a9166232,2025-03-26T02:35:01.021489,1985.75,PLZQ41616928451154,withdrawal,0.98,High transaction amount (>95th percentile)
4186dfd8-9bdb-4dd4-8888-0ff67bafd4e5,2025-02-08T08:30:27.934769,1985.75,HQNS22219693792374,withdrawal,0.94,High transaction amount (>95th percentile)
aadff934-a6f8-462a-864f-f77fb8546c82,2025-01-12T10:31:37.732900,1442.03,EIGF92127799799552,transfer,0.96,Blacklisted merchant
070d8b1b-9b68-4d3f-896e-4e5fb237b256,2025-01-12T10:32:06.077068,1442.03,EIGF92127799799552,transfer,0.94,Blacklisted merchant
afdae3a2-6fdc-4d64-a4e6-2d8a68646eee,2025-02-02T04:29:38.740395,883.24,EIGF92127799799552,withdrawal,0.78,Blacklisted merchant
de391923-4ac6-488c-85e3-1fc4c671d840,2025-02-02T04:30:58.498271,883.24,EIGF92127799799552,withdrawal,0.94,Blacklisted merchant
574f1274-33d7-425b-af5a-e47e175ddb20,2025-02-13T09:33:03.461052,1946.43,EIGF92127799799552,purchase,0.73,High transaction amount (>95th percentile)
3ef88ba9-c7e0-4414-b011-9a0602a1487f,2025-02-13T09:34:50.998305,1946.43,EIGF92127799799552,purchase,0.96,High transaction amount (>95th percentile)
17ee4f3a-3aec-4de5-a4c0-801a2324385a,2025-01-08T09:23:44.851415,86335.59,ZZPG59774688623924,withdrawal,0.96,High transaction amount (>95th percentile)
d44ddc4b-71e2-4076-acde-90b53c1b62df,2025-02-15T13:10:37.136715,1976.62,DNLU72628498776945,purchase,0.77,High transaction amount (>95th percentile)
7289c5a2-2296-4d63-8205-d596f7bd3d8c,2025-02-15T13:12:29.550915,1976.62,DNLU72628498776945,purchase,0.94,High transaction amount (>95th percentile)
38fc5cfc-6897-4f59-af9c-6012e66ecca3,2025-03-17T06:15:35.243761,59105.31,VZUE70289517187026,payment,0.84,High transaction amount (>95th percentile)
3ece0ab9-9d0e-4d8f-809a-f451e3c69383,2025-03-17T06:18:41.735084,59105.31,VZUE70289517187026,payment,0.79,High transaction amount (>95th percentile)
0c62f9b3-f261-432c-9190-c8d1c8b0fb25,2025-01-17T16:03:41.475780,1878.65,IUZY99309728962309,deposit,0.94,Foreign transaction from high-risk country
5ab8ca25-1638-4af6-812a-cdddda389e03,2025-02-11T09:58:00.214003,56613.44,IUZY99309728962309,withdrawal,0.77,High transaction amount (>95th percentile)
bd042162-fb05-458a-9f9f-f9416c8583de,2025-03-23T04:34:10.838701,1040.6,IUZY99309728962309,withdrawal,0.71,Closing balance < ₹1000
dac9e07b-4ff8-468c-b5f9-a200845b0903,2025-01-21T16:31:10.328713,1989.39,PLZQ41616928451154,payment,0.76,High transaction amount (>95th percentile)
bac36700-35bc-4372-9e70-cb449ba71b6d,2025-02-11T20:14:57.617213,10058.97,PLZQ41616928451154,withdrawal,0.8,Closing balance < ₹1000; High transaction amount (>95th percentile)
72699f61-db17-4e0e-b9ec-e48d67acfde1,2025-01-03T02:10:47.260051,78948.24,YCSE85654310278681,transfer,0.96,High transaction amount (>95th percentile)
589419ca-ba66-40ea-a5be-4647cca2ec1b,2025-01-03T02:10:52.420168,78948.24,YCSE85654310278681,transfer,0.99,High transaction amount (>95th percentile)
44c92b68-f469-4069-a508-7d6793865d6f,2025-02-01T02:11:05.238738,1961.65,ECPZ45961586578091,transfer,0.78,High transaction amount (>95th percentile)
d3909297-4b77-4f35-83e8-17a7e253338a,2025-01-26T22:47:26.685422,16428.72,TBVC47679764381561,withdrawal,0.89,Closing balance < ₹1000; High transaction amount (>95th percentile)
b2cf1f83-cd9f-4654-a345-26235b43cf6d,2025-01-26T22:48:30.728596,16428.72,TBVC47679764381561,withdrawal,0.82,Closing balance < ₹1000; High transaction amount (>95th percentile)
9b15a89a-5360-4e2d-bd0d-7c0aa94ea6cf,2025-01-01T02:53:40.274459,1684.76,HUIY87347143455812,withdrawal,0.99,Closing balance < ₹1000
90a99567-dc1a-4d37-a1f7-916c81c6398a,2025-01-01T02:53:40.573310,1684.76,HUIY87347143455812,withdrawal,0.86,Closing balance < ₹1000
1f643a20-18ee-4704-bfe8-712a1cb47809,2025-01-09T12:10:54.288418,886.22,HUIY87347143455812,transfer,0.98,Closing balance < ₹1000
16571567-83d6-4401-ad70-d952dfdbd83a,2025-01-09T12:11:15.284952,886.22,HUIY87347143455812,transfer,0.73,Closing balance < ₹1000
70b42ab6-ef13-443d-b2ba-fbf4e5318cb2,2025-01-26T03:51:37.994781,92568.86,HUIY87347143455812,transfer,0.99,Closing balance < ₹1000; High transaction amount (>95th percentile)
4ba45036-d26a-495a-b0f8-a515cf38a1b5,2025-01-26T03:52:40.341711,92568.86,HUIY87347143455812,transfer,0.75,Closing balance < ₹1000; High transaction amount (>95th percentile)
35ecde05-fae1-47c4-a42f-a2b39f1d7952,2025-02-03T05:30:23.468633,813.04,HUIY87347143455812,purchase,0.99,Foreign transaction from high-risk country
839d1b6c-6ba4-437e-9f5b-c06853c60167,2025-02-03T05:31:45.808973,813.04,HUIY87347143455812,purchase,0.78,Foreign transaction from high-risk country
a5d15afb-07f3-4d53-8c4c-e53cab7d6528,2025-02-11T09:26:43.292199,1030.22,HUIY87347143455812,withdrawal,0.73,Closing balance < ₹1000
1edbb682-89c6-4a1b-83ec-faf206a13758,2025-02-11T09:28:25.450740,1030.22,HUIY87347143455812,withdrawal,0.83,Closing balance < ₹1000
080033ed-c2e8-4142-879a-3666855029a7,2025-03-01T11:23:32.736526,779.13,HUIY87347143455812,deposit,0.92,Closing balance < ₹1000
6123bba8-17f3-43ae-975d-8f945406892b,2025-03-01T11:25:59.518961,779.13,HUIY87347143455812,deposit,0.79,Closing balance < ₹1000
273865a8-c42b-496c-9d2a-fbcb423595a7,2025-03-10T00:30:07.872844,981.47,HUIY87347143455812,deposit,0.88,Closing balance < ₹1000
3b88a659-3233-45d2-b169-23fe3aaa0898,2025-03-10T00:32:56.424176,981.47,HUIY87347143455812,deposit,0.85,Closing balance < ₹1000
0a63604e-0f47-4aef-b7d2-4b4fc8cb4382,2025-03-17T04:07:51.688393,1382.55,HUIY87347143455812,deposit,0.82,Closing balance < ₹1000
23f49b8a-2f83-4816-9a3c-d37ed763d097,2025-03-17T04:10:57.959926,1382.55,HUIY87347143455812,deposit,0.87,Closing balance < ₹1000
4161c58d-a4ab-4588-aea3-a56090233a44,2025-03-21T07:35:12.072084,341.44,HUIY87347143455812,deposit,0.78,Closing balance < ₹1000
746d40c0-1a5c-4446-8ca6-fd06845655aa,2025-03-21T07:38:27.822799,341.44,HUIY87347143455812,deposit,0.91,Closing balance < ₹1000
bb141bed-5b2e-40f1-905a-90fa5d9cd9c8,2025-03-23T20:12:31.135957,574.4,HUIY87347143455812,withdrawal,0.7,Closing balance < ₹1000
245623a1-2f34-4b65-a2bc-1d0444bce9f4,2025-03-23T20:15:53.935062,574.4,HUIY87347143455812,withdrawal,0.98,Closing balance < ₹1000
91e3377a-0799-418e-9376-d559b3e64452,2025-04-02T13:35:37.260919,827.72,HUIY87347143455812,purchase,0.86,Closing balance < ₹1000
70d03a71-9b36-4ea9-8f78-9f2b7049fd7e,2025-04-02T13:39:24.156382,827.72,HUIY87347143455812,purchase,0.92,Closing balance < ₹1000
534efda6-11a7-46ac-b7a7-62225f4e6258,2025-02-12T00:53:00.621414,1878.65,JMRA44369957773872,deposit,0.92,Foreign transaction from high-risk country
3368fa0e-aed0-40e5-9b1d-6be9d41641fe,2025-02-12T00:54:44.367500,1878.65,JMRA44369957773872,deposit,0.9,Foreign transaction from high-risk country
